[
  {
    "id": "1763564976899",
    "nome": "Mensagem 2",
    "texto": "🎓 Você foi selecionado(a)! 🎓\n\n\nOlá! Sou a Amanda, da equipe do Dr. Luís Felipe Lisboa, e quero te dar as boas-vindas ao grupo VIP da nova turma da Formação Completa em USG MSK – Ultrassonografia Musculoesquelética na Prática, a capacitação mais completa e prática do Brasil para médicos que desejam dominar exames e procedimentos guiados por ultrassom.\n\n🎉 Parabéns! Você está entre os poucos médicos escolhidos para garantir acesso antecipado e exclusivo à metodologia que está transformando carreiras médicas — ensinando do básico ao avançado, com foco total em segurança, precisão diagnóstica e domínio técnico real.\n\n🧠 O que você vai viver na Formação Completa em USG MSK:\n✅ Formação estruturada em 8 módulos, cobrindo toda a anatomia e técnica ultrassonográfica das principais articulações.\n✅ Treinamento prático em casos clínicos reais, com imagens, protocolos e fluxos de raciocínio clínico detalhados.\n✅ Módulo Intervencionista, ensinando bloqueios e infiltrações guiadas com ultrassom.\n✅ Acompanhamento individual com o Dr. Luís Felipe Lisboa, com análise de laudos, dúvidas e supervisão dos seus primeiros exames.\n✅ Protocolos de varredura passo a passo, para execução segura e padronizada.\n✅ Biblioteca digital com mais de 100 vídeos de exames reais, para revisar e aprimorar a técnica em qualquer momento.\n✅ Certificação reconhecida nacionalmente, emitida pela equipe USG na Prática.\n✅ Acesso vitalício, com todas as futuras atualizações do curso.\n✅ Comunidade exclusiva de médicos formados, com suporte contínuo, discussão de casos e rede de networking profissional.\n\n🎯 Bônus Exclusivos para os selecionados deste grupo VIP:\n🎁 Mentoria individual de carreira, com diagnóstico do seu momento profissional e plano personalizado para lucrar com USG MSK.\n🎁 Aula premium “Do zero ao domínio da ultrassonografia”, com fundamentos técnicos e protocolos de exame.\n🎁 Workshop presencial de práticas guiadas, com vivência supervisionada (para os 10 primeiros confirmados).\n🎁 Modelos prontos de laudos e protocolos de exame, otimizados para uso imediato.\n🎁 Masterclass “Como construir um negócio médico com USG”, mostrando como agregar valor financeiro ao consultório.\n🎁 Pacote avançado de casos clínicos, com vídeos comentados e interpretação em tempo real.\n\n⏳ Sua vaga é a número 4 — restam apenas 3 disponíveis até 23h59 de hoje.\n\n💰 De ❌R$4.997,00 por\n✅ R$499,00 — 90% de desconto exclusivo para quem confirmar ainda hoje, com acesso completo à formação + todos os bônus garantidos.\n\n📌 Formação 100% online, com acompanhamento individual, bônus presenciais, suporte contínuo da equipe médica, garantia total de satisfação e acesso imediato à área do aluno.\n\n⚡ Domine a Ultrassonografia Musculoesquelética e transforme seu conhecimento em precisão, autonomia e faturamento.\nO Dr. Luís Felipe Lisboa, referência nacional em USG MSK, vai te guiar passo a passo para se tornar um médico seguro, diferenciado e altamente requisitado no mercado.",
    "rodape": "`ⓘ Este número é verificado pelos serviços Meta Empresas e pertence à equipe oficial USG na Prática.\nPara sua segurança, esta conversa pode estar sendo monitorada.`",
    "botao": {
      "texto": "Garantir Acesso",
      "url": "https://pay.pagueesafe.shop/JqoR32by8eq3Vj5"
    }
  }
]