{
  "nome": "tst 3",
  "texto": "🎓 Você foi selecionado(a)!   🎓\n\n\nAqui é a Amanda, da equipe do Vinicius Oliveira, e o seu nome entrou na lista ultra restrita da Black Friday PVO.\nEssa condição é liberada somente para 7 pessoas e não aparece em nenhum lugar público.\n\n🔥 A PVO é o método que está fazendo alunos que estavam travados finalmente evoluírem rápido, ganharem direção e aumentarem 200, 300 e até 400 pontos com um plano simples e eficiente.\n\n📚 Ao entrar agora, você libera:\n✅ 90% OFF aplicado automaticamente\n✅ Plano de estudo pronto, estruturado para ENEM e vestibulares\n✅ Acesso ao grupo de monitoria exclusiva com acompanhamento contínuo\n✅ Módulo Redação Nota 1000 com modelos práticos\n✅ Simulados premium corrigidos pela nova matriz ENEM\n✅ Comunidade completa PVO\n✅ 12 meses adicionais de acesso\n\n🔥 O que o Acesso Antecipado garante:\n📘 Trilha diária de estudos para nunca mais ficar perdido\n🎯 Técnicas que aumentam sua nota em semanas\n💬 Suporte prioritário para dúvidas estratégicas\n📊 Ferramentas que mostram sua evolução de verdade\n🧠 Treinamento de disciplina, constância e foco\n🚀 Estratégias claras para você finalmente vencer a procrastinação e estudar com confiança\n\nTudo foi montado para resolver as principais dores: falta de organização, falta de direção, dificuldade de evolução e sensação de estudar e não sair do lugar.\n\n🚨 Atenção: são apenas 7 vagas.\nQuando preencher, o sistema encerra automaticamente.\n\n💰 De ❌ R$ 2.997,00\n✅ Por apenas R$ 299,70 à vista no Pix!\n\nConfirmando agora, você libera tudo que precisa para evoluir rápido e garantir a melhor chance de aprovação.",
  "rodape": "ⓘ Número verificado pelos serviços Meta Empresas.",
  "botao": {
    "texto": "Garantir Acesso",
    "url": "https://painel.w-api.app/"
  }
}