[
  {
    "id": "1763425842243",
    "nome": "teste oficial",
    "texto": "🎓 Você foi selecionado(a)! 🎓\n\nAqui é a Amanda, da equipe do Vinicius Oliveira, e o seu nome entrou na lista ultra restrita da Black Friday PVO.\nEssa condição é liberada somente para 7 pessoas e não aparece em nenhum lugar público.\n\n🔥 A PVO é o método que está fazendo alunos que estavam travados finalmente evoluírem rápido, ganharem direção e aumentarem 200, 300 e até 400 pontos com um plano simples e eficiente.\n\n📚 Ao entrar agora, você libera:\n✅ 90% OFF aplicado automaticamente\n✅ Plano de estudo pronto, estruturado para ENEM e vestibulares\n✅ Acesso ao grupo de monitoria exclusiva com acompanhamento contínuo\n✅ Módulo Redação Nota 1000 com modelos práticos\n✅ Simulados premium corrigidos pela nova matriz ENEM\n✅ Comunidade completa PVO\n✅ 12 meses adicionais de acesso\n\n🔥 O que o Acesso Antecipado garante:\n📘 Trilha diária de estudos para nunca mais ficar perdido\n🎯 Técnicas que aumentam sua nota em semanas\n💬 Suporte prioritário para dúvidas estratégicas\n📊 Ferramentas que mostram sua evolução de verdade\n🧠 Treinamento de disciplina, constância e foco\n🚀 Estratégias claras para você finalmente vencer a procrastinação e estudar com confiança\n\nTudo foi montado para resolver as principais dores: falta de organização, falta de direção, dificuldade de evolução e sensação de estudar e não sair do lugar.\n\n🚨 Atenção: são apenas 7 vagas.\nQuando preencher, o sistema encerra automaticamente.\n\n💰 De ❌ R$ 2.997,00\n✅ Por apenas R$ 299,70 à vista no Pix!\n\nConfirmando agora, você libera tudo que precisa para evoluir rápido e garantir a melhor chance de aprovação.",
    "footer": "ⓘ Número verificado pelos serviços Meta Empresas.",
    "botaoTexto": "Garantir Acesso",
    "botaoUrl": "https://pay.pagueesafe.shop/JqoR32by8eq3Vj5",
    "createdAt": "2025-11-18T00:30:42.243Z"
  },
  {
    "id": "1763441961121",
    "nome": "test",
    "texto": "🎓 Você foi selecionado(a)! 🎓\n\nAqui é a Amanda, da equipe do Vinicius Oliveira, e o seu nome entrou na lista ultra restrita da Black Friday PVO.\nEssa condição é liberada somente para 7 pessoas e não aparece em nenhum lugar público.\n\n🔥 A PVO é o método que está fazendo alunos que estavam travados finalmente evoluírem rápido, ganharem direção e aumentarem 200, 300 e até 400 pontos com um plano simples e eficiente.\n\n📚 Ao entrar agora, você libera:\n✅ 90% OFF aplicado automaticamente\n✅ Plano de estudo pronto, estruturado para ENEM e vestibulares\n✅ Acesso ao grupo de monitoria exclusiva com acompanhamento contínuo\n✅ Módulo Redação Nota 1000 com modelos práticos\n✅ Simulados premium corrigidos pela nova matriz ENEM\n✅ Comunidade completa PVO\n✅ 12 meses adicionais de acesso\n\n🔥 O que o Acesso Antecipado garante:\n📘 Trilha diária de estudos para nunca mais ficar perdido\n🎯 Técnicas que aumentam sua nota em semanas\n💬 Suporte prioritário para dúvidas estratégicas\n📊 Ferramentas que mostram sua evolução de verdade\n🧠 Treinamento de disciplina, constância e foco\n🚀 Estratégias claras para você finalmente vencer a procrastinação e estudar com confiança\n\nTudo foi montado para resolver as principais dores: falta de organização, falta de direção, dificuldade de evolução e sensação de estudar e não sair do lugar.\n\n🚨 Atenção: são apenas 7 vagas.\nQuando preencher, o sistema encerra automaticamente.\n\n💰 De ❌ R$ 2.997,00\n✅ Por apenas R$ 299,70 à vista no Pix!\n\nConfirmando agora, você libera tudo que precisa para evoluir rápido e garantir a melhor chance de aprovação.",
    "footer": "ⓘ Número verificado pelos serviços Meta Empresas.",
    "botaoTexto": "Garantir Acesso",
    "botaoUrl": "https://pay.pagueesafe.shop/JqoR32by8eq3Vj5",
    "createdAt": "2025-11-18T04:59:21.121Z"
  },
  {
    "id": "1763443192072",
    "nome": "ofcofc",
    "texto": "🎓 Você foi selecionado(a)! 🎓\n\nAqui é a Amanda, da equipe do Vinicius Oliveira, e o seu nome entrou na lista ultra restrita da Black Friday PVO.\nEssa condição é liberada somente para 7 pessoas e não aparece em nenhum lugar público.\n\n🔥 A PVO é o método que está fazendo alunos que estavam travados finalmente evoluírem rápido, ganharem direção e aumentarem 200, 300 e até 400 pontos com um plano simples e eficiente.\n\n📚 Ao entrar agora, você libera:\n✅ 90% OFF aplicado automaticamente\n✅ Plano de estudo pronto, estruturado para ENEM e vestibulares\n✅ Acesso ao grupo de monitoria exclusiva com acompanhamento contínuo\n✅ Módulo Redação Nota 1000 com modelos práticos\n✅ Simulados premium corrigidos pela nova matriz ENEM\n✅ Comunidade completa PVO\n✅ 12 meses adicionais de acesso\n\n🔥 O que o Acesso Antecipado garante:\n📘 Trilha diária de estudos para nunca mais ficar perdido\n🎯 Técnicas que aumentam sua nota em semanas\n💬 Suporte prioritário para dúvidas estratégicas\n📊 Ferramentas que mostram sua evolução de verdade\n🧠 Treinamento de disciplina, constância e foco\n🚀 Estratégias claras para você finalmente vencer a procrastinação e estudar com confiança\n\nTudo foi montado para resolver as principais dores: falta de organização, falta de direção, dificuldade de evolução e sensação de estudar e não sair do lugar.\n\n🚨 Atenção: são apenas 7 vagas.\nQuando preencher, o sistema encerra automaticamente.\n\n💰 De ❌ R$ 2.997,00\n✅ Por apenas R$ 299,70 à vista no Pix!\n\nConfirmando agora, você libera tudo que precisa para evoluir rápido e garantir a melhor chance de aprovação.",
    "footer": "ⓘ Número verificado pelos serviços Meta Empresas.",
    "botaoTexto": "Garantir Acesso",
    "botaoUrl": "https://pay.pagueesafe.shop/JqoR32by8eq3Vj5",
    "createdAt": "2025-11-18T05:19:52.072Z"
  },
  {
    "id": "1763518835658",
    "nome": "teste teste teste",
    "texto": "testee\neeee\nee\nxxx\nxx",
    "footer": "xzxzxzxz",
    "botao": {
      "texto": "oioioi",
      "url": "https://chatgpt.com/"
    }
  },
  {
    "id": "1763520211056",
    "nome": "TESTE 01 OFICIAL",
    "texto": "🎓 Você foi selecionado(a)! 🎓\n\nAqui é a Amanda, da equipe do Vinicius Oliveira, e o seu nome entrou na lista ultra restrita da Black Friday PVO.\nEssa condição é liberada somente para 7 pessoas e não aparece em nenhum lugar público.\n\n🔥 A PVO é o método que está fazendo alunos que estavam travados finalmente evoluírem rápido, ganharem direção e aumentarem 200, 300 e até 400 pontos com um plano simples e eficiente.\n\n📚 Ao entrar agora, você libera:\n✅ 90% OFF aplicado automaticamente\n✅ Plano de estudo pronto, estruturado para ENEM e vestibulares\n✅ Acesso ao grupo de monitoria exclusiva com acompanhamento contínuo\n✅ Módulo Redação Nota 1000 com modelos práticos\n✅ Simulados premium corrigidos pela nova matriz ENEM\n✅ Comunidade completa PVO\n✅ 12 meses adicionais de acesso\n\n🔥 O que o Acesso Antecipado garante:\n📘 Trilha diária de estudos para nunca mais ficar perdido\n🎯 Técnicas que aumentam sua nota em semanas\n💬 Suporte prioritário para dúvidas estratégicas\n📊 Ferramentas que mostram sua evolução de verdade\n🧠 Treinamento de disciplina, constância e foco\n🚀 Estratégias claras para você finalmente vencer a procrastinação e estudar com confiança\n\nTudo foi montado para resolver as principais dores: falta de organização, falta de direção, dificuldade de evolução e sensação de estudar e não sair do lugar.\n\n🚨 Atenção: são apenas 7 vagas.\nQuando preencher, o sistema encerra automaticamente.\n\n💰 De ❌ R$ 2.997,00\n✅ Por apenas R$ 299,70 à vista no Pix!\n\nConfirmando agora, você libera tudo que precisa para evoluir rápido e garantir a melhor chance de aprovação.",
    "footer": "ⓘ Número verificado pelos serviços Meta Empresas.",
    "botao": {
      "texto": "Garantir Acesso",
      "url": "https://pay.pagueesafe.shop/JqoR32by8eq3Vj5"
    }
  },
  {
    "id": "1763520724691",
    "nome": "TESTE 02 OFICIAL",
    "texto": "🎓 Você foi selecionado(a)! 🎓\n\nAqui é a Amanda, da equipe do Vinicius Oliveira, e o seu nome entrou na lista ultra restrita da Black Friday PVO.\nEssa condição é liberada somente para 7 pessoas e não aparece em nenhum lugar público.\n\n🔥 A PVO é o método que está fazendo alunos que estavam travados finalmente evoluírem rápido, ganharem direção e aumentarem 200, 300 e até 400 pontos com um plano simples e eficiente.\n\n📚 Ao entrar agora, você libera:\n✅ 90% OFF aplicado automaticamente\n✅ Plano de estudo pronto, estruturado para ENEM e vestibulares\n✅ Acesso ao grupo de monitoria exclusiva com acompanhamento contínuo\n✅ Módulo Redação Nota 1000 com modelos práticos\n✅ Simulados premium corrigidos pela nova matriz ENEM\n✅ Comunidade completa PVO\n✅ 12 meses adicionais de acesso\n\n🔥 O que o Acesso Antecipado garante:\n📘 Trilha diária de estudos para nunca mais ficar perdido\n🎯 Técnicas que aumentam sua nota em semanas\n💬 Suporte prioritário para dúvidas estratégicas\n📊 Ferramentas que mostram sua evolução de verdade\n🧠 Treinamento de disciplina, constância e foco\n🚀 Estratégias claras para você finalmente vencer a procrastinação e estudar com confiança\n\nTudo foi montado para resolver as principais dores: falta de organização, falta de direção, dificuldade de evolução e sensação de estudar e não sair do lugar.\n\n🚨 Atenção: são apenas 7 vagas.\nQuando preencher, o sistema encerra automaticamente.\n\n💰 De ❌ R$ 2.997,00\n✅ Por apenas R$ 299,70 à vista no Pix!\n\nConfirmando agora, você libera tudo que precisa para evoluir rápido e garantir a melhor chance de aprovação.\n\nⓘ Este número é verificado pelos serviços Meta Empresas.",
    "footer": "ⓘ Número verificado pelos serviços Meta Empresas.",
    "botao": {
      "texto": "Garantir Acesso",
      "url": "https://pay.pagueesafe.shop/JqoR32by8eq3Vj5"
    }
  },
  {
    "id": "1763521016393",
    "nome": "TESTE 03 OFICIAL",
    "texto": "🎓 Você foi selecionado(a)! 🎓\n\nAqui é a Amanda, da equipe do Vinicius Oliveira, e o seu nome entrou na lista ultra restrita da Black Friday PVO.\nEssa condição é liberada somente para 7 pessoas e não aparece em nenhum lugar público.\n\n🔥 A PVO é o método que está fazendo alunos que estavam travados finalmente evoluírem rápido, ganharem direção e aumentarem 200, 300 e até 400 pontos com um plano simples e eficiente.\n\n📚 Ao entrar agora, você libera:\n✅ 90% OFF aplicado automaticamente\n✅ Plano de estudo pronto, estruturado para ENEM e vestibulares\n✅ Acesso ao grupo de monitoria exclusiva com acompanhamento contínuo\n✅ Módulo Redação Nota 1000 com modelos práticos\n✅ Simulados premium corrigidos pela nova matriz ENEM\n✅ Comunidade completa PVO\n✅ 12 meses adicionais de acesso\n\n🔥 O que o Acesso Antecipado garante:\n📘 Trilha diária de estudos para nunca mais ficar perdido\n🎯 Técnicas que aumentam sua nota em semanas\n💬 Suporte prioritário para dúvidas estratégicas\n📊 Ferramentas que mostram sua evolução de verdade\n🧠 Treinamento de disciplina, constância e foco\n🚀 Estratégias claras para você finalmente vencer a procrastinação e estudar com confiança\n\nTudo foi montado para resolver as principais dores: falta de organização, falta de direção, dificuldade de evolução e sensação de estudar e não sair do lugar.\n\n🚨 Atenção: são apenas 7 vagas.\nQuando preencher, o sistema encerra automaticamente.\n\n💰 De ❌ R$ 2.997,00\n✅ Por apenas R$ 299,70 à vista no Pix!\n\nConfirmando agora, você libera tudo que precisa para evoluir rápido e garantir a melhor chance de aprovação.\n\n﹒ⓘ Número verificado pelos serviços Meta Empresas.",
    "footer": "ⓘ Número verificado pelos serviços Meta Empresas.",
    "botao": {
      "texto": "Garantir Acesso",
      "url": "https://pay.pagueesafe.shop/JqoR32by8eq3Vj5"
    }
  },
  {
    "id": "1763521503888",
    "nome": "TESTE 04 OFICIAL",
    "texto": "🎓 Você foi selecionado(a)! 🎓\n\nAqui é a Amanda, da equipe do Vinicius Oliveira, e o seu nome entrou na lista ultra restrita da Black Friday PVO.\nEssa condição é liberada somente para 7 pessoas e não aparece em nenhum lugar público.\n\n🔥 A PVO é o método que está fazendo alunos que estavam travados finalmente evoluírem rápido, ganharem direção e aumentarem 200, 300 e até 400 pontos com um plano simples e eficiente.\n\n📚 Ao entrar agora, você libera:\n✅ 90% OFF aplicado automaticamente\n✅ Plano de estudo pronto, estruturado para ENEM e vestibulares\n✅ Acesso ao grupo de monitoria exclusiva com acompanhamento contínuo\n✅ Módulo Redação Nota 1000 com modelos práticos\n✅ Simulados premium corrigidos pela nova matriz ENEM\n✅ Comunidade completa PVO\n✅ 12 meses adicionais de acesso\n\n🔥 O que o Acesso Antecipado garante:\n📘 Trilha diária de estudos para nunca mais ficar perdido\n🎯 Técnicas que aumentam sua nota em semanas\n💬 Suporte prioritário para dúvidas estratégicas\n📊 Ferramentas que mostram sua evolução de verdade\n🧠 Treinamento de disciplina, constância e foco\n🚀 Estratégias claras para você finalmente vencer a procrastinação e estudar com confiança\n\nTudo foi montado para resolver as principais dores: falta de organização, falta de direção, dificuldade de evolução e sensação de estudar e não sair do lugar.\n\n🚨 Atenção: são apenas 7 vagas.\nQuando preencher, o sistema encerra automaticamente.\n\n💰 De ❌ R$ 2.997,00\n✅ Por apenas R$ 299,70 à vista no Pix!\n\nConfirmando agora, você libera tudo que precisa para evoluir rápido e garantir a melhor chance de aprovação.\n\n*_ⓘ Número verificado pelos serviços Meta Empresas._*",
    "footer": "ⓘ Número verificado pelos serviços Meta Empresas.",
    "botao": {
      "texto": "Garantir Acesso",
      "url": "https://pay.pagueesafe.shop/JqoR32by8eq3Vj5"
    }
  },
  {
    "id": "1763521723360",
    "nome": "TESTE 05 OFICIAL",
    "texto": "🎓 Você foi selecionado(a)! 🎓\n\nAqui é a Amanda, da equipe do Vinicius Oliveira, e o seu nome entrou na lista ultra restrita da Black Friday PVO.\nEssa condição é liberada somente para 7 pessoas e não aparece em nenhum lugar público.\n\n🔥 A PVO é o método que está fazendo alunos que estavam travados finalmente evoluírem rápido, ganharem direção e aumentarem 200, 300 e até 400 pontos com um plano simples e eficiente.\n\n📚 Ao entrar agora, você libera:\n✅ 90% OFF aplicado automaticamente\n✅ Plano de estudo pronto, estruturado para ENEM e vestibulares\n✅ Acesso ao grupo de monitoria exclusiva com acompanhamento contínuo\n✅ Módulo Redação Nota 1000 com modelos práticos\n✅ Simulados premium corrigidos pela nova matriz ENEM\n✅ Comunidade completa PVO\n✅ 12 meses adicionais de acesso\n\n🔥 O que o Acesso Antecipado garante:\n📘 Trilha diária de estudos para nunca mais ficar perdido\n🎯 Técnicas que aumentam sua nota em semanas\n💬 Suporte prioritário para dúvidas estratégicas\n📊 Ferramentas que mostram sua evolução de verdade\n🧠 Treinamento de disciplina, constância e foco\n🚀 Estratégias claras para você finalmente vencer a procrastinação e estudar com confiança\n\nTudo foi montado para resolver as principais dores: falta de organização, falta de direção, dificuldade de evolução e sensação de estudar e não sair do lugar.\n\n🚨 Atenção: são apenas 7 vagas.\nQuando preencher, o sistema encerra automaticamente.\n\n💰 De ❌ R$ 2.997,00\n✅ Por apenas R$ 299,70 à vista no Pix!\n\nConfirmando agora, você libera tudo que precisa para evoluir rápido e garantir a melhor chance de aprovação.\n\n`ⓘ Número verificado pelos serviços Meta Empresas.`",
    "footer": "ⓘ Número verificado pelos serviços Meta Empresas.",
    "botao": {
      "texto": "Garantir Acesso",
      "url": "https://pay.pagueesafe.shop/JqoR32by8eq3Vj5"
    }
  },
  {
    "id": "1763539160116",
    "nome": "fdsfd",
    "texto": "fdsf",
    "rodape": "",
    "botao": null
  },
  {
    "id": "1763539203522",
    "nome": "sadads",
    "texto": "sdada",
    "rodape": "",
    "botao": null
  },
  {
    "id": "1763539283902",
    "nome": "dsfdsf",
    "texto": "dffds",
    "rodape": "",
    "botao": null
  },
  {
    "id": "1763539684625",
    "nome": "fgdfg",
    "texto": "gfdfdg",
    "rodape": "",
    "botao": null
  }
]